{"runningTime": [0.06096220016479492, 0.05840253829956055, 0.057845115661621094, 0.057846784591674805], "codeLines": 23, "casesResults": [1, 1, 1, 1], "runningTimeAvg": 0.05876415967941284}