{"runningTime": [0.05980968475341797, 0.05684852600097656, 0.05485272407531738, 0.05585122108459473], "codeLines": 15, "casesResults": [1, 1, 1, 1], "runningTimeAvg": 0.05684053897857666}