{"runningTime": [0.056848764419555664, 0.05784440040588379, 0.05684781074523926, 0.05585074424743652], "codeLines": 15, "casesResults": [1, 1, 1, 1], "runningTimeAvg": 0.05684792995452881}