{"runningTime": [0.05884361267089844, 0.05784487724304199, 0.05805635452270508, 0.0588383674621582], "codeLines": 15, "casesResults": [1, 1, 1, 1], "runningTimeAvg": 0.05839580297470093}