{"runningTime": [0.06050825119018555, 0.06064438819885254, 0.06633663177490234, 0.0608365535736084], "codeLines": 22, "casesResults": [1, 1, 1, 1], "runningTimeAvg": 0.06208145618438721}