{"runningTime": [0.059954166412353516, 0.06183600425720215, 0.061377525329589844, 0.060873985290527344], "codeLines": 20, "casesResults": [1, 1, 1, 1], "runningTimeAvg": 0.06101042032241821}