{"runningTime": [0.06061697006225586, 0.06287288665771484, 0.06041216850280762, 0.06201601028442383], "codeLines": 12, "casesResults": [1, 1, 1, 1], "runningTimeAvg": 0.06147950887680054}