{"runningTime": [0.0608370304107666, 0.060837507247924805, 0.06195807456970215, 0.0604705810546875], "codeLines": 15, "casesResults": [1, 1, 1, 1], "runningTimeAvg": 0.061025798320770264}