{"runningTime": [0.06049680709838867, 0.06083822250366211, 0.0608363151550293, 0.06090092658996582], "codeLines": 10, "casesResults": [1, 1, 1, 1], "runningTimeAvg": 0.060768067836761475}