{"runningTime": [0.059618473052978516, 0.06180930137634277, 0.06182050704956055, 0.06168842315673828], "codeLines": 20, "casesResults": [1, 1, 1, 1], "runningTimeAvg": 0.06123417615890503}