{"runningTime": [0.06285738945007324, 0.06143975257873535, 0.05901789665222168, 0.06191873550415039], "codeLines": 19, "casesResults": [1, 1, 1, 1], "runningTimeAvg": 0.061308443546295166}