{"runningTime": [0.060979604721069336, 0.05977463722229004, 0.06115913391113281, 0.0588228702545166], "codeLines": 21, "casesResults": [1, 1, 1, 1], "runningTimeAvg": 0.0601840615272522}