{"runningTime": [0.06283211708068848, 0.05984044075012207, 0.05884051322937012, 0.054854393005371094], "codeLines": 16, "casesResults": [1, 1, 1, 1], "runningTimeAvg": 0.05909186601638794}