{"runningTime": [0.05984234809875488, 0.056871652603149414, 0.054826974868774414, 0.054854393005371094], "codeLines": 15, "casesResults": [1, 1, 1, 1], "runningTimeAvg": 0.05659884214401245}