{"runningTime": [0.05585074424743652, 0.05763983726501465, 0.056107282638549805, 0.05485367774963379], "codeLines": 15, "casesResults": [1, 1, 1, 1], "runningTimeAvg": 0.05611288547515869}