{"runningTime": [0.06084728240966797, 0.059860944747924805, 0.061896324157714844, 0.0597081184387207], "codeLines": 19, "casesResults": [1, 1, 1, 1], "runningTimeAvg": 0.06057816743850708}