,time,lines,path,time-std,lines-std,rate
0,0.06118351221084595,17,../cases/2307/2,1.0,0.5,0.75
1,0.05600827932357788,9,../cases/2307/3,0.0,0.0,0.0
2,0.05611288547515869,15,../cases/2307/5,0.020212839472048216,0.375,0.1976064197360241
3,0.05973118543624878,25,../cases/2307/6,0.7193697740308203,1.0,0.8596848870154101
4,0.05839580297470093,15,../cases/2307/7,0.4613364660355206,0.375,0.4181682330177603
5,0.05784720182418823,22,../cases/2307/8,0.35533135235989377,0.8125,0.5839156761799469
6,0.056489765644073486,20,../cases/2307/9,0.09303664800866152,0.6875,0.39026832400433076
