,time,lines,path,time-std,lines-std,rate
0,0.05935263633728027,17,../cases/2307/2,0.9999999999999982,0.5,0.7499999999999991
1,0.058110594749450684,9,../cases/2307/3,0.6689280437234864,0.0,0.3344640218617432
2,0.05659884214401245,15,../cases/2307/5,0.2659633625140998,0.375,0.3204816812570499
3,0.05684792995452881,25,../cases/2307/6,0.33235887577254886,1.0,0.6661794378862744
4,0.05684792995452881,15,../cases/2307/7,0.33235887577254886,0.375,0.35367943788627443
5,0.05560106039047241,22,../cases/2307/8,0.0,0.8125,0.40625
6,0.056099891662597656,20,../cases/2307/9,0.13296579336203607,0.6875,0.41023289668101803
