{"runningTime": [0.05813097953796387, 0.05704641342163086, 0.05884408950805664, 0.05957460403442383], "codeLines": 19, "casesResults": [1, 1, 1, 1], "runningTimeAvg": 0.0583990216255188}