{"runningTime": [0.0608370304107666, 0.05983996391296387, 0.06002402305603027, 0.05983924865722656], "codeLines": 16, "casesResults": [1, 1, 1, 1], "runningTimeAvg": 0.060135066509246826}