{"runningTime": [0.06180572509765625, 0.06081056594848633, 0.06081652641296387, 0.06087017059326172], "codeLines": 15, "casesResults": [1, 1, 1, 1], "runningTimeAvg": 0.06107574701309204}