{"runningTime": [0.15706443786621094, 0.1624925136566162, 0.15528321266174316, 0.16417431831359863], "codeLines": 20, "casesResults": [1, 1, 1, 1], "runningTimeAvg": 0.15975362062454224}