{"runningTime": [0.061022281646728516, 0.062366485595703125, 0.058838605880737305, 0.059839725494384766], "codeLines": 18, "casesResults": [1, 1, 1, 1], "runningTimeAvg": 0.06051677465438843}