{"runningTime": [0.06382942199707031, 0.06482601165771484, 0.05884242057800293, 0.0578458309173584], "codeLines": 26, "casesResults": [1, 1, 1, 1], "runningTimeAvg": 0.06133592128753662}