{"runningTime": [0.05884122848510742, 0.0578460693359375, 0.05787014961242676, 0.05886077880859375], "codeLines": 10, "casesResults": [1, 1, 1, 1], "runningTimeAvg": 0.05835455656051636}