{"runningTime": [0.05884265899658203, 0.05959606170654297, 0.05879569053649902, 0.05950784683227539], "codeLines": 17, "casesResults": [1, 1, 1, 1], "runningTimeAvg": 0.059185564517974854}