{"runningTime": [0.0611572265625, 0.06042170524597168, 0.06019020080566406, 0.06199026107788086], "codeLines": 28, "casesResults": [1, 1, 1, 1], "runningTimeAvg": 0.06093984842300415}