{"runningTime": [0.05983877182006836, 0.05584979057312012, 0.056849002838134766, 0.05784487724304199], "codeLines": 20, "casesResults": [1, 1, 1, 1], "runningTimeAvg": 0.05759561061859131}