{"runningTime": [0.05585074424743652, 0.05684852600097656, 0.05485224723815918, 0.05684804916381836], "codeLines": 20, "casesResults": [1, 1, 1, 1], "runningTimeAvg": 0.056099891662597656}