{"runningTime": [0.05712532997131348, 0.056853532791137695, 0.056128740310668945, 0.05585145950317383], "codeLines": 20, "casesResults": [1, 1, 1, 1], "runningTimeAvg": 0.056489765644073486}