{"runningTime": [0.05983996391296387, 0.05587649345397949, 0.05585741996765137, 0.05581784248352051], "codeLines": 25, "casesResults": [1, 1, 1, 1], "runningTimeAvg": 0.05684792995452881}