{"runningTime": [0.059827327728271484, 0.05585050582885742, 0.05585074424743652, 0.05585074424743652], "codeLines": 25, "casesResults": [1, 1, 1, 1], "runningTimeAvg": 0.05684483051300049}