{"runningTime": [0.05984020233154297, 0.05979442596435547, 0.06171250343322754, 0.05757761001586914], "codeLines": 25, "casesResults": [1, 1, 1, 1], "runningTimeAvg": 0.05973118543624878}