{"runningTime": [0.06199789047241211, 0.06153988838195801, 0.05996251106262207, 0.06183004379272461], "codeLines": 24, "casesResults": [1, 1, 1, 1], "runningTimeAvg": 0.0613325834274292}