{"runningTime": [0.0578303337097168, 0.059879302978515625, 0.05684494972229004, 0.05780792236328125], "codeLines": 23, "casesResults": [1, 1, 1, 1], "runningTimeAvg": 0.05809062719345093}