{"runningTime": [0.061141014099121094, 0.06086158752441406, 0.06181955337524414, 0.07184338569641113], "codeLines": 13, "casesResults": [1, 1, 1, 1], "runningTimeAvg": 0.06391638517379761}