{"runningTime": [0.06083822250366211, 0.060349464416503906, 0.0610201358795166, 0.06087040901184082], "codeLines": 20, "casesResults": [1, 1, 1, 1], "runningTimeAvg": 0.06076955795288086}