{"runningTime": [0.05699515342712402, 0.0603175163269043, 0.060007572174072266, 0.059864044189453125], "codeLines": 12, "casesResults": [1, 1, 1, 1], "runningTimeAvg": 0.05929607152938843}