{"runningTime": [0.05963587760925293, 0.05832958221435547, 0.057845354080200195, 0.05983924865722656], "codeLines": 20, "casesResults": [1, 1, 1, 1], "runningTimeAvg": 0.05891251564025879}