{"runningTime": [0.05696272850036621, 0.060602664947509766, 0.05983901023864746, 0.0594182014465332], "codeLines": 27, "casesResults": [1, 1, 1, 1], "runningTimeAvg": 0.05920565128326416}