{"runningTime": [0.0567479133605957, 0.05784463882446289, 0.05572009086608887, 0.05602765083312988], "codeLines": 22, "casesResults": [1, 1, 1, 1], "runningTimeAvg": 0.056585073471069336}