{"runningTime": [0.05588984489440918, 0.05784440040588379, 0.05684828758239746, 0.05784416198730469], "codeLines": 22, "casesResults": [1, 1, 1, 1], "runningTimeAvg": 0.05710667371749878}