{"runningTime": [0.060837507247924805, 0.05585050582885742, 0.05587577819824219, 0.05582547187805176], "codeLines": 22, "casesResults": [1, 1, 1, 1], "runningTimeAvg": 0.05709731578826904}