{"runningTime": [0.0638279914855957, 0.05684781074523926, 0.058843135833740234, 0.05585026741027832], "codeLines": 17, "casesResults": [1, 1, 1, 1], "runningTimeAvg": 0.05884230136871338}