{"runningTime": [0.06981182098388672, 0.059012651443481445, 0.06010150909423828, 0.055808067321777344], "codeLines": 17, "casesResults": [1, 1, 1, 1], "runningTimeAvg": 0.06118351221084595}