{"runningTime": [0.0608372688293457, 0.05988645553588867, 0.057845354080200195, 0.05884146690368652], "codeLines": 17, "casesResults": [1, 1, 1, 1], "runningTimeAvg": 0.05935263633728027}