{"runningTime": [0.06344962120056152, 0.06482791900634766, 0.07579636573791504, 0.06682229042053223], "codeLines": 2, "casesResults": [0, 1, 0, 0], "runningTimeAvg": 0.06772404909133911}