{"runningTime": [0.0608367919921875, 0.06183433532714844, 0.057845115661621094, 0.05784463882446289], "codeLines": 2, "casesResults": [0, 1, 0, 0], "runningTimeAvg": 0.05959022045135498}