{"runningTime": [0.060349225997924805, 0.05983877182006836, 0.06283140182495117, 0.059841156005859375], "codeLines": 2, "casesResults": [0, 1, 0, 0], "runningTimeAvg": 0.06071513891220093}