{"runningTime": [0.057845115661621094, 0.05692434310913086, 0.0579679012298584, 0.05703139305114746], "codeLines": 18, "casesResults": [1, 1, 1, 1], "runningTimeAvg": 0.05744218826293945}