{"runningTime": [0.06436347961425781, 0.061836957931518555, 0.0608365535736084, 0.05987668037414551], "codeLines": 18, "casesResults": [1, 1, 1, 1], "runningTimeAvg": 0.06172841787338257}