{"runningTime": [0.05585050582885742, 0.058263301849365234, 0.05689048767089844, 0.06044912338256836], "codeLines": 23, "casesResults": [1, 1, 1, 1], "runningTimeAvg": 0.05786335468292236}