{"runningTime": [0.05784416198730469, 0.058823347091674805, 0.06115436553955078, 0.06110215187072754], "codeLines": 17, "casesResults": [1, 1, 1, 1], "runningTimeAvg": 0.05973100662231445}