{"runningTime": [0.05882453918457031, 0.060326337814331055, 0.059781789779663086, 0.05967569351196289], "codeLines": 19, "casesResults": [1, 1, 1, 1], "runningTimeAvg": 0.059652090072631836}