{"runningTime": [0.05781269073486328, 0.057845115661621094, 0.061270713806152344, 0.06167244911193848], "codeLines": 11, "casesResults": [0, 0, 1, 0], "runningTimeAvg": 0.0596502423286438}