{"runningTime": [0.05585026741027832, 0.05585217475891113, 0.05587434768676758, 0.05482745170593262], "codeLines": 22, "casesResults": [1, 1, 1, 1], "runningTimeAvg": 0.05560106039047241}