{"runningTime": [0.06283283233642578, 0.0598444938659668, 0.05684208869934082, 0.05684804916381836], "codeLines": 22, "casesResults": [1, 1, 1, 1], "runningTimeAvg": 0.05909186601638794}