{"runningTime": [0.05884289741516113, 0.058843135833740234, 0.057845354080200195, 0.05585741996765137], "codeLines": 22, "casesResults": [1, 1, 1, 1], "runningTimeAvg": 0.05784720182418823}