{"runningTime": [0.059839487075805664, 0.05684781074523926, 0.056847572326660156, 0.05585050582885742], "codeLines": 9, "casesResults": [1, 1, 1, 1], "runningTimeAvg": 0.057346343994140625}