{"runningTime": [0.06183505058288574, 0.05684804916381836, 0.05585002899169922, 0.057909250259399414], "codeLines": 9, "casesResults": [1, 1, 1, 1], "runningTimeAvg": 0.058110594749450684}