{"runningTime": [0.05644488334655762, 0.05588722229003906, 0.05585145950317383, 0.055849552154541016], "codeLines": 9, "casesResults": [1, 1, 1, 1], "runningTimeAvg": 0.05600827932357788}