{"runningTime": [0.06078791618347168, 0.06165575981140137, 0.06176495552062988, 0.06283187866210938], "codeLines": 19, "casesResults": [1, 1, 1, 1], "runningTimeAvg": 0.061760127544403076}