{"runningTime": [0.05965423583984375, 0.06073570251464844, 0.06013321876525879, 0.05780673027038574], "codeLines": 21, "casesResults": [1, 1, 1, 1], "runningTimeAvg": 0.05958247184753418}