{"runningTime": [0.061852455139160156, 0.05953335762023926, 0.0568690299987793, 0.060135841369628906], "codeLines": 32, "casesResults": [1, 1, 1, 1], "runningTimeAvg": 0.059597671031951904}