{"runningTime": [0.058573246002197266, 0.059538841247558594, 0.05857491493225098, 0.058844804763793945], "codeLines": 28, "casesResults": [1, 1, 1, 1], "runningTimeAvg": 0.058882951736450195}