{"runningTime": [0.0608372688293457, 0.0608367919921875, 0.060463666915893555, 0.06076455116271973], "codeLines": 23, "casesResults": [1, 1, 1, 1], "runningTimeAvg": 0.06072556972503662}