{"runningTime": [0.057962894439697266, 0.06187272071838379, 0.05976748466491699, 0.05875396728515625], "codeLines": 13, "casesResults": [1, 1, 1, 1], "runningTimeAvg": 0.059589266777038574}