{"runningTime": [0.056849002838134766, 0.0608372688293457, 0.05884242057800293, 0.05684804916381836], "codeLines": 28, "casesResults": [1, 1, 1, 1], "runningTimeAvg": 0.05834418535232544}